LMK_KEY,UPRN,ADDRESS1,ADDRESS2,ADDRESS3,POSTCODE,CURRENT_ENERGY_RATING,POTENTIAL_ENERGY_RATING,IMPROVEMENT_INDICATOR,IMD_FLAG,LOCAL_AUTHORITY,CONSTITUENCY,LODGEMENT_DATE,TRANSACTION_TYPE,CODE,POST_TOWN
4a4a7a813af5741d1427102b8ccb9c9381ccdb712c90db4e0271adb388cb0290,46073666,"11A, TERRACE ROAD",,,E13 0LP,E,C,2,Y,E09000025,E14001032,2024-07-30,marketed sale,TXQ2,LONDON
8953187926f7ac4983a853f448d34ce95979df126b409405357f336fc3553f1e,12037570,"39, BLANDFORD ROAD",,,UB2 4JY,E,C,2,Y,E09000009,E14000676,2024-07-29,ECO assessment,WB32,SOUTHALL
bfef213a2fd31651736053c416cccd19ac6bd4366c6b9b15a0e1dbceb3a3702c,12037547,"16, BLANDFORD ROAD",,,UB2 4JY,E,C,2,Y,E09000009,E14000676,2024-07-29,ECO assessment,45WH,SOUTHALL
2dd094215b61e1cc02ce8bf4b48a8d434b1326565b46c989a44d765dcd857de6,100023045965,"25, HERON MEWS",,,IG1 4NW,E,B,3,Y,E09000026,E14000760,2024-07-25,rental,AVXV,ILFORD
91391e6a4019f1998c23a4044ddc868c5cb95ea513c6ed696c7d57fc4d25f21e,46023554,"16, EDWIN STREET",,,E16 1QA,F,C,3,Y,E09000025,E14001032,2024-07-23,marketed sale,3Z08,LONDON
e05bd157e07259138c071b906c5add573f579d93cb03a3ad4978c4633bddc34d,100021361417,"30, BELLFLOWER PATH",,,RM3 8JF,E,B,3,Y,E09000016,E14000751,2024-07-21,rental,KXGV,ROMFORD
a4fecc920056a55760afd8671be44d33ac298d1e05e56198b77b2c4399e65cd1,46044493,"89, LAWRENCE STREET",,,E16 1EP,E,B,3,Y,E09000025,E14001032,2024-07-19,rental,JHKN,LONDON
e403e751dab2890e88c35f8b64f5d3c8f9e5534b36e02d97b78a12d7a749a39c,207087233,"202, WINCHESTER ROAD",,,N9 9EF,E,C,2,Y,E09000010,E14000687,2024-07-18,rental,AV04,LONDON
cabd35915f7aecf1430f5b18fc0ca1c6027baa40012f625e9130dc22f227fe11,207158029,"8, SALISBURY ROAD",,,EN3 6HQ,E,C,2,Y,E09000010,E14000691,2024-07-17,rental,H4R7,ENFIELD
742bc15f2af4e37f6b48133b744b4846db86335bd655aa86f6e04f22df078e1f,10094608583,"22A, COLEMAN FIELDS",,,N1 7AD,E,C,2,Y,E09000019,E14000764,2024-07-17,marketed sale,FHK0,LONDON
a0536568d2543b603a05f1e95556730f1f224ddac251c14657fcd4949ad86081,100020988542,"5, MIRIAM ROAD",,,SE18 1RF,E,B,3,Y,E09000011,E14000696,2024-07-16,rental,LXF3,LONDON
8463d48f4b666dfa689d2e36ecd911af870abecd6ad3ab2107d1a5b0f6133848,100020252906,"7, HAVEN CLOSE",,,DA14 5DY,G,B,5,Y,E09000004,E14000869,2024-07-14,ECO assessment,N77D,SIDCUP
2554d4e1818609562428c1be705ea6d9ac001a691522874774545317c59bbc89,12037550,"19, BLANDFORD ROAD",,,UB2 4JY,F,C,3,Y,E09000009,E14000676,2024-07-11,rental,XYX2,SOUTHALL
c64381c1c467d6117a238c76419c559657527e35cdac5b950da7e5ed821f27ab,100021489501,"140, NEWCOURT",,,UB8 2LP,E,C,2,Y,E09000017,E14001007,2024-07-09,marketed sale,G7WH,UXBRIDGE
b374409d4ea20d0e483fea93cc2129a36355dff119d530644410be9e06d6ba04,207052875,"25, RAYS AVENUE",,,N18 2NT,E,C,2,Y,E09000010,E14000687,2024-07-07,rental,Q82T,LONDON
146c3c7fa4ff64150d1f3f36a1808bd8ec63fd5a6f5084b05b7d7713820cf22c,100021879735,"69, PAULET ROAD",,,SE5 9HW,G,E,2,Y,E09000022,E14001008,2024-07-06,rental,HP18,LONDON
1cb3f0be3ae3888f716db952149605cc3d68a19a440ac6af2f0caaea6c9a65ea,100021219012,"143, ROSEBERY AVENUE",,,N17 9SG,E,B,3,Y,E09000014,E14001002,2024-07-05,marketed sale,JCQ1,LONDON
2953e2115f0ecda6c9a255a0dc57d07fc56faa07c0d49c827f77a7112adf6080,100020236767,"5, SYCAMORE MEWS, ST. JOHNS ROAD",St. Johns Road,,DA8 1NR,E,B,3,Y,E09000004,E14000696,2024-06-26,rental,VZLA,ERITH
ff11e9607d405be314000143b8b925cb335f3398e7bf2e3ed04afb5c7cd0ba48,100020474461,"44, SAXVILLE ROAD",,,BR5 3AW,G,C,4,Y,E09000006,E14000604,2024-06-24,marketed sale,D4D1,ORPINGTON
1daefe070d23676379c50014da5ece64f2788179895754a227de946a9065b095,202143101,"FLAT 54, ERIN COURT, 94, WALM LANE",Erin Court,94 Walm Lane,NW2 4QA,E,B,3,Y,E09000005,E14000591,2024-06-24,rental,ZYQH,LONDON
0e7ffdae685837d63965cfa469c576f957b1190583bb966ae613483898613122,100021958752,"6, EXETER WAY",,,SE14 6LL,E,B,3,Y,E09000023,E14000789,2024-06-24,marketed sale,7606,LONDON
a9073ecf0f3c36362caad989e15c48e1cb3c684e7426f3242dd3c00b5a876383,100021229555,"6, THACKERAY AVENUE",,,N17 9DY,F,C,3,Y,E09000014,E14001002,2024-06-23,marketed sale,0T7X,LONDON
6c3e6bb8737bb27af2ba2ff4994b26170d850b33f413fbd1c6feaf492d2d867a,100021847405,"19, HAINTHORPE ROAD",,,SE27 0PL,E,D,1,Y,E09000022,E14000673,2024-06-20,rental,B543,LONDON
e66880cca290b483114446f1e91a66091529f498964032e4122b1fbfbf433887,5300041721,"23, HAZELLVILLE ROAD",,,N19 3NF,E,C,2,Y,E09000019,E14000763,2024-06-20,not sale or rental,IX55,LONDON
799dc9ef96ca570a1f303dda38e55649353919a45505588cb8f04d55c8cf333b,100020191600,"35, MORVALE CLOSE",,,DA17 5HT,E,B,3,Y,E09000004,E14000696,2024-06-19,marketed sale,QI5G,BELVEDERE
68ac2c6cd4f4bdada8ada14c8ff74dc4defd31066fa6a4897c381201efb3f83e,10003618336,"1 LONE BARN COTTAGES, GORSE ROAD",Gorse Road,,BR5 4EX,F,D,2,Y,E09000006,E14000872,2024-06-19,marketed sale,IYT2,ORPINGTON
8b31fbacafb0a6f477739dca042d3b08aa8d61b2ede95880b3633a6d49446a0c,100021413711,"63, ABBOTSWOOD WAY",,,UB3 3PF,E,C,2,Y,E09000017,E14000737,2024-06-18,not sale or rental,3578,HAYES
e821697b5e7f1e48b2d21df074bcfe54b3576490ae24562fd3b601c3be3013c5,100021534162,"34, STOURTON AVENUE",,,TW13 6LG,E,B,3,Y,E09000018,E14000701,2024-06-18,ECO assessment,W8AA,FELTHAM
107924d2f68471c1dad3b7f85bb09b2794bdfcb7611a127a026bd4f75d0175c5,100021258614,"5, CLAREMONT ROAD",,,HA3 7AU,F,D,2,Y,E09000015,E14000731,2024-06-14,marketed sale,K3R2,HARROW
2848de7ee6547712d4a44828484543e4f950c7833da5e0a805b03b8a3f7696d8,100021576650,"56, WEAVERS CLOSE",,,TW7 6ET,E,B,3,Y,E09000018,E14000593,2024-06-06,ECO assessment,P9KL,ISLEWORTH
5e0fdd6b2c40f3928da97d9d922c45f4656352dd2b85f38d755aa1a877a8fa7b,100020604288,"218, HEADLEY DRIVE, NEW ADDINGTON",New Addington,,CR0 0QT,G,B,5,Y,E09000008,E14000654,2024-06-06,marketed sale,F1N7,CROYDON
8f08a8b10aed6a42839b2cace0857ebef7cb69a4371427fddc1931ad060fe3b2,100021179893,"98, FLEXMERE ROAD",,,N17 7AY,E,C,2,Y,E09000014,E14001002,2024-06-05,not sale or rental,21KF,LONDON
cab81cf2640fd2fe7d72e0e4959ad4936d25d71c96d2d254e66d1f9d9d8c6071,100021426949,"1, HOMEFIELD CLOSE",,,UB4 9AS,F,A,5,Y,E09000017,E14000737,2024-06-05,marketed sale,N9EA,HAYES
d44850e7bab590642d84ce2f2dedc755c901de4eeeefb85885a77880db37d2f3,100021981303,"77, LONGBRIDGE WAY",,,SE13 6PW,F,A,5,Y,E09000023,E14000789,2024-06-04,marketed sale,RJF8,LONDON
f2809cf302ae37c646a048a6a759b9a0f2bcbe3fbeab6af7cdd1cf8c2f7bfea5,48017330,"47, CONNAUGHT GARDENS",,,SM4 6DB,F,B,4,Y,E09000024,E14000823,2024-06-03,marketed sale,4J9V,MORDEN
40ae11976bf446bc180a4b7720063b90bac9b18a364e9f6baf2a1212b0c51c43,5300058147,"34, LLOYD BAKER STREET",,,WC1X 9AB,G,C,4,Y,E09000019,E14000764,2024-05-31,FiT application,QJKC,LONDON
a228dda6cbd5a0abc52e280c7f32c1d99f9ee2cfa12e2adf49e20bf4394822d2,200110199,"2 THE COTTAGE, COPPETTS WOOD NURSERY, SUMMERS LANE",Coppetts Wood Nursery,Summers Lane,N12 0QG,E,C,2,Y,E09000003,E14000703,2024-05-31,marketed sale,IO69,LONDON
c7f570bc3997be6ff28925064484ea53234cd75268c4c438a31c08b809d29a46,100021426958,"10, HOMEFIELD CLOSE",,,UB4 9AS,F,B,4,Y,E09000017,E14000737,2024-05-27,not sale or rental,R9Q8,HAYES
525343ff1bf564efc46fbff7e70c7d68efd26ede1b312bb24211a21919ba0d5f,202240511,97 Woodheyes Road,,,NW10 9DE,F,B,4,Y,E09000005,E14000591,2024-05-22,rental,EDE2,
cba51b445be80a0f56341b2f22c2b1f1b474c67a32d1b2957a75e623dd7ca44b,100021593015,"229, VARSITY DRIVE",,,TW1 1AN,E,B,3,Y,E09000018,E14000593,2024-05-21,marketed sale,YM0Z,TWICKENHAM
5b884db754f0e90f53df8aafa348e44ae53617e24c17ad2cd75e8b2716a1af0a,100020662587,"54, WOODSIDE AVENUE",Woodside Avenue,,SE25 5DJ,E,B,3,Y,E09000008,E14000654,2024-05-20,ECO assessment,GJOU,LONDON
7901841a18889f9b5c53a1ca464d82a286fb4e291c65c1f4dd8b11dad388900c,100023122860,"23, PLYMPTON STREET",,,NW8 8AB,E,C,2,Y,E09000033,E14001036,2024-05-19,rental,2N4P,LONDON
b493b16b3ff1d01ef285085fe7a98c2edcda35695ebbe2cddb9c273e2dc4bf08,100022021495,"13A, WINN ROAD",,,SE12 9ET,F,B,4,Y,E09000023,E14000787,2024-05-17,marketed sale,Z4R5,LONDON
21ef1cd10a503ca2202eb947c4692f02e61fc818e938246524b13a8901f4501b,10034923408,"2, SYLVAN ROAD",,LONDON,E11 1QN,E,B,3,Y,E09000026,E14000790,2024-05-17,rental,TI9R,LONDON
fbda5ca8cf6f2648a7b1e7af4946d8f2bf13197687a1cfeb22086852932c6ec3,100021395189,"213, RUSH GREEN ROAD",,,RM7 0JR,E,C,2,Y,E09000016,E14000900,2024-05-16,rental,O9U7,ROMFORD
e980d639f2d76a6d48848ec9db85d6c0f18a529346a5fb311cd533f84d814e56,5300011040,"31, BOVINGDON CLOSE",,,N19 5SN,F,C,3,Y,E09000019,E14000763,2024-05-16,FiT application,E58L,LONDON
63a70c00e8b687ea36b2758027e20439ca9883c03278e2fa8508c7aad7da6ffc,200120767,"6, VINEYARD AVENUE",,,NW7 1HR,E,B,3,Y,E09000003,E14000741,2024-05-11,marketed sale,MH5Y,LONDON
6f97cbea5311543121a4df305cfe951ddc087bb2de45bde673f57996913b237d,100020483999,"3 LITTLE HOCKENDEN COTTAGES, HOCKENDEN LANE",Hockenden Lane,,BR8 7QW,E,C,2,Y,E09000006,E14000872,2024-05-10,marketed sale,2Y3A,SWANLEY
3d2fe33d7f86132a2dcaabad0f52b151b52ae2e9878a4c1a91d7f629c602c031,100022018228,"95, WATERS ROAD",,,SE6 1UH,E,B,3,Y,E09000023,E14000787,2024-05-10,rental,ODNT,LONDON
21166846a27265407c26f0290384d2d52879c3f6c134176002c9ed0c3c167e2d,12050138,"10, HAWTHORNE MEWS",,,UB6 9BQ,E,B,3,Y,E09000009,E14000676,2024-05-09,Stock condition survey,BMVI,GREENFORD
41d994ae8306f384762ae14ae071aabd18a4e7fd91bc3a7a33b8e8191490fff5,100020596388,"275, DUNLEY DRIVE, NEW ADDINGTON",New Addington,,CR0 0RW,E,B,3,Y,E09000008,E14000654,2024-05-08,marketed sale,BYSX,CROYDON
c9d32816bf0eb15dc8d94d4477fe3a1e64ef9ff0c9ca8f74f7d4620ee47e6a08,202032363,"29, WEMBLEY PARK DRIVE",,,HA9 8HD,G,C,4,Y,E09000005,E14000592,2024-05-08,marketed sale,N8A0,WEMBLEY
85db3dc8c8bbf0f54fcf289ad8057b55c93cbd8f2cb5243e17035374263e69fe,202138622,"110, DEACON ROAD",,,NW2 5QJ,E,B,3,Y,E09000005,E14000591,2024-05-03,marketed sale,LAT2,LONDON
e66abbc9044edf7a18228ac7253aba8e291f04b778a84ded7c393270bfd2ae52,48005750,"102, BERKSHIRE WAY",,,CR4 1QT,E,B,3,Y,E09000024,E14000823,2024-05-02,marketed sale,BY6H,MITCHAM
31a6ed84dea884c58076a66ada3dae904e6422a8534a93cceb8dd2f0c6278fe7,100020991756,"3, OULTON CLOSE",,,SE28 8LT,E,B,3,Y,E09000011,E14000696,2024-04-28,rental,LNN0,LONDON
a15e40ed9e13602512c29845943bc7aa8602abcfe2411b1a446516ee685665d5,100020587253,"2, CAMILLE CLOSE",,,SE25 4EW,E,B,3,Y,E09000008,E14000655,2024-04-27,rental,AO7K,LONDON
b0ceefd7452c6a7cf6320e48bbed533159d68b3260907a5c55bbfae1efae349c,100021963200,"77, GILMORE ROAD",,,SE13 5AB,E,C,2,Y,E09000023,E14000789,2024-04-26,marketed sale,Z05A,LONDON
6e09392258f85e46750c624fab5aa682a65407b908dbc403876597a149c96ef3,100021232243,"23, TRINITY ROAD",,,N22 8LB,E,C,2,Y,E09000014,E14000752,2024-04-22,rental,QFQK,LONDON
c28f2db08d1bd3033f5d54a386f4d7507ccf86dd768889acb84030ff5cca53ad,100021000080,"52, ROLLESBY WAY",,,SE28 8LR,F,B,4,Y,E09000011,E14000696,2024-04-20,marketed sale,0MZM,LONDON
f615bd78b7894d5b0725700152e5eee465e32b18592ce7cc27f97911d48804ad,46001202,"37, ALEXANDRA ROAD",,,E6 6HA,F,B,4,Y,E09000025,E14000679,2024-04-19,marketed sale,5C1F,LONDON
df264a201232ab3154f938ae17ae587264572cea068dafd920ca2314d3430a84,100020587265,"14, CAMILLE CLOSE",Camille Close,,SE25 4EW,E,B,3,Y,E09000008,E14000655,2024-04-17,ECO assessment,GAHM,LONDON
84150f0653612235e5feabce32258e5961f105b03d7f2c9f663198840a28c005,100021484834,"31, HINDHEAD CLOSE",,,UB8 3UE,F,B,4,Y,E09000017,E14001007,2024-04-17,marketed sale,9DEO,UXBRIDGE
8240c09d2440817c9a89a1db6e25ee2995db35ece95e9eea53475091c53d61e3,207151041,"97, MAHON CLOSE",,,EN1 4DH,E,B,3,Y,E09000010,E14000691,2024-04-17,marketed sale,F12O,ENFIELD
112f04be304c9f513a78c4d8be290d13dbe568dcea8999237a2ae3fdbb695382,100021958756,"14, EXETER WAY",,,SE14 6LL,E,B,3,Y,E09000023,E14000789,2024-04-15,rental,R7O1,LONDON
a6c39b520b5b4f73ccf4cb71883e7be90c090c6086bfc311ed21762d1818ad69,100020587275,"32, CAMILLE CLOSE",,,SE25 4EW,E,B,3,Y,E09000008,E14000655,2024-04-15,ECO assessment,1OAG,LONDON
4091380582ad4547b7bc8e87626c6e1b3b75ce0386a987b8b577ee7d46e6d1bd,100021001447,"13, SALHOUSE CLOSE",,,SE28 8LU,E,A,4,Y,E09000011,E14000696,2024-04-15,rental,ZJEP,LONDON
0de1f706aedb9cbb1b6db00c597e8e5925a81e302b552273685731fe24ad5ea5,100022691677,"109, SMALLWOOD ROAD",,,SW17 0TU,F,D,2,Y,E09000032,E14000998,2024-04-05,marketed sale,CN3A,LONDON
ceb0f4173ba61e857795f5a43a4a2ac4afef2c4d8421c4778b606c11a42999d8,100021930064,"15, BEADNELL ROAD",,,SE23 1AA,E,B,3,Y,E09000023,E14000789,2024-04-01,marketed sale,2QMX,LONDON
253ee19a0b8a8a97092ab7a2c38b64639b263b2984022eb5fb068d3b634d2ed6,5200173,"24, WINSCOMBE STREET",,,N19 5DG,E,D,1,Y,E09000007,E14000750,2024-03-26,marketed sale,8JBS,LONDON
e72cfee9119790a96eac0c691bd6c5bd639c5b8bb380fb790a9192e6c41226e2,100020640591,"13, BRADSHAWS CLOSE",Bradshaws Close,,SE25 4EN,E,A,4,Y,E09000008,E14000655,2024-03-25,ECO assessment,Q1AS,LONDON
e30600a53c29280a50de79dc3330f2653858e09afce841080567c15e8f92c863,100021969471,"23, HOLMSHAW CLOSE",,,SE26 4TH,E,D,1,Y,E09000023,E14000788,2024-03-25,rental,J9IV,LONDON
c4f068167a57bd8adf694b5e6a1d29c27f0e80b0eccc2d811d9e4a7199476bf6,100021079825,"15, WALSINGHAM ROAD",,,E5 8NE,G,C,4,Y,E09000012,E14000720,2024-03-21,marketed sale,GJJ0,LONDON
e71bab9e896fabf516a0e55ca0f3d8cd8d82deb45f8749220238238855d5c305,100020640593,"15, BRADSHAWS CLOSE",Bradshaws Close,,SE25 4EN,F,A,5,Y,E09000008,E14000655,2024-03-21,ECO assessment,NTGC,LONDON
9a41afd3b4b7b4f06b48c5b275cecf12de7345dc194748a3c361b675adfbb125,100020944502,"33, BRISET ROAD",,,SE9 6HN,F,B,4,Y,E09000011,E14000690,2024-03-19,marketed sale,2JYB,LONDON
bc4880340585bea670e3a1a7e9d04cbf7a5f7b69ce8d3a768681d92197e99273,100021497615,"97, VERONA CLOSE",,,UB8 2LL,E,C,2,Y,E09000017,E14001007,2024-03-14,rental,PJKZ,UXBRIDGE
4456a5bb3240e64ee5bf04a382c9c8976d4031bb00397dde7a014cc2fac3c930,100021214112,"167, PHILIP LANE",,,N15 4HQ,G,B,5,Y,E09000014,E14001002,2024-03-14,marketed sale,V58D,LONDON
8579b0680c106edec236be3dd2b040786fed6f6d6d6f481ab1d5d1109216a5c7,100020191115,"14, LOWER PARK ROAD",,,DA17 6EF,F,E,1,Y,E09000004,E14000696,2024-03-12,non marketed sale,HESZ,BELVEDERE
71b70348c12d98bdcf24d59c8b74c44d7470facda555d7b3e908cb4fdc2ebc66,100021290551,"35, TILLOTSON ROAD",,,HA3 6PR,F,C,3,Y,E09000015,E14000906,2024-03-11,marketed sale,IODR,HARROW
f1c8fe47483b986ab6f10c855750e8f6882357d5d306fcabfb9ae4b912aa6de3,100021478832,"6, COWLEY MILL ROAD",,,UB8 2QB,E,B,3,Y,E09000017,E14001007,2024-03-10,rental,BMQR,UXBRIDGE
1c09b0347896fc625b60a26a9963394f7ea63969eac9648260a423c08ac1eebe,100021806661,"6, AMESBURY AVENUE",,,SW2 3AA,G,C,4,Y,E09000022,E14000978,2024-03-08,rental,EUWH,LONDON
8b466c8b7d6cc869bf356ab8ae985e27560470d5b3648266ffd53d13ab84894f,10022804096,"NORTHUMBERLAND HOUSE, 27, PARK LODGE AVENUE",27 Park Lodge Avenue,,UB7 9FG,E,B,3,Y,E09000017,E14000737,2024-03-07,ECO assessment,H4I7,WEST DRAYTON
c6db08dae8d6c8b2dac8b110144f1418679463adb0919d946d430d3582924067,10022804094,"NORTHUMBERLAND HOUSE, 25, PARK LODGE AVENUE",25 Park Lodge Avenue,,UB7 9FG,E,B,3,Y,E09000017,E14000737,2024-03-07,ECO assessment,FDQ6,WEST DRAYTON
a432fa52bd21c4c04643a8ddd8830947ac2d240735eb1dc9b4dd5f6bbfe5f20d,46020128,"5, DAISY ROAD",,,E16 4PT,E,B,3,Y,E09000025,E14001032,2024-03-04,not sale or rental,ZCCW,LONDON
22126cc57bbd7e215ad9330c4a397a848cc1ae7f475e8b6e5844ad935bf02da5,100022901422,"THE STUDIO, LEDBURY PLACE",Ledbury Place,,CR0 1ET,G,C,4,Y,E09000008,E14000654,2024-03-04,rental,L8UR,CROYDON
7f932f86299c461b5ed37e638ecf5df6a18fe5a9df027dfa4a6f1cc7af65a6ce,100020483981,"BURNTHOUSE FARM, COOKHAM ROAD",Cookham Road,,BR8 7QP,F,C,3,Y,E09000006,E14000872,2024-03-04,marketed sale,RJV5,SWANLEY
b2541b1c4d330cce10e3b631931a42b36c0122c5b3539eabed62af9403ddb16a,200024458,"100, CLITTERHOUSE CRESCENT",,,NW2 1DA,E,B,3,Y,E09000003,E14000703,2024-03-01,rental,6KQ9,LONDON
7f4b4e448268fc58163e191122d28b2f549fe2eb10e6814e40660e7ed68f7b3c,100020457418,"2, ELGAL CLOSE",,,BR6 7BE,E,B,3,Y,E09000006,E14000872,2024-02-27,marketed sale,B160,ORPINGTON
0247d9a837676b00fdd57f25af48db07b1061fcc740fcd593df4539bf63a16bd,100020988392,"4, MILNE GARDENS",,,SE9 6QL,E,C,2,Y,E09000011,E14000690,2024-02-27,marketed sale,0UA2,LONDON
47d82c681290b62dc00dc158e47cbd0fbc8c70917b43b711bd38d748226a97a9,207097819,"18, ELIZABETH RIDE",,,N9 8PB,E,B,3,Y,E09000010,E14000687,2024-02-25,marketed sale,ZL15,LONDON
f87b23dc50e64650f6a94a5e3501092c17861e91361feb855498b24c3215df7e,100022009327,"66, SUNDERLAND ROAD",,,SE23 2PY,E,B,3,Y,E09000023,E14000788,2024-02-25,not sale or rental,XFNJ,LONDON
d1c803a5c4cce80afa107c42d2c963a2f43bbec1e447094a23beddafebdb2a47,200000548226,"3, GITTENS CLOSE",,,BR1 5LA,E,B,3,Y,E09000023,E14000787,2024-02-22,marketed sale,6HFS,BROMLEY
22b0f83f1a0ee1fe3eda62325608dcf4e46a9fb78c86f05c79ca947babf61527,100022008253,"372, STANSTEAD ROAD",,,SE6 4XB,E,D,1,Y,E09000023,E14000787,2024-02-21,rental,9T5L,LONDON
eaa08f801f63dc387bd8369ab12ceab5484ed5a06e56e8a924cea1209f485dac,200012095,"87, BLUNDELL ROAD",,,HA8 0JA,E,B,3,Y,E09000003,E14000741,2024-02-21,marketed sale,GTBL,EDGWARE
283608c506ecc01c0bdec629c847cc21ff1ccf965fb12f7648fe0e08e6349919,100021365568,"67, CHATTERIS AVENUE",,,RM3 8AT,E,B,3,Y,E09000016,E14000751,2024-02-21,rental,CXLK,ROMFORD
d988719806a49113c679d3660ae07d4577d344bfb2e97a50c4887a01032bd9b9,100021504136,"42, HOLLY GARDENS",London,,UB7 9PE,E,B,3,Y,E09000017,E14000737,2024-02-19,rental,68EJ,WEST DRAYTON
553a1110508a067cc56836102aa834aa5cd22df1c1e5ed4be74e5e13dfe0482d,10014052864,"27, FREDERICK GARDENS",,,CR0 2PP,E,D,1,Y,E09000008,E14000655,2024-02-17,rental,QPLG,CROYDON
1ef13658ccf87801411ac8a585e79afccc8f84a52d9883e7f4d5f961a9973d85,10090801199,Annex Rear Of,55 Beavers Lane,,TW4 6EH,E,B,3,Y,E09000018,E14000701,2024-02-14,rental,2IEW,
4a1dfb91efbe8f88f80398272fd0f589cc043f3b7ac456768e259e3c175963fb,5002646,"26, WINSCOMBE STREET",,,N19 5DG,E,D,1,Y,E09000007,E14000750,2024-02-14,marketed sale,UPTQ,LONDON
8915d9aead6b158d313d56519fb6810bfd210e7115861d6b7540bff19519fed0,10022804096,"NORTHUMBERLAND HOUSE, 27, PARK LODGE AVENUE",27 Park Lodge Avenue,,UB7 9FG,E,C,2,Y,E09000017,E14000737,2024-02-14,ECO assessment,UTB5,WEST DRAYTON
ab34df1ed9f79df85c60407a655f71f3d845b87595b16869e7c0025f2bd7254f,100021482798,"20, HAMBLEDON CLOSE",,,UB8 3UD,E,B,3,Y,E09000017,E14001007,2024-02-10,marketed sale,K5AC,UXBRIDGE
6f5766f40a585443fb4f26c8872bab5df1e94f268d8d63f83574bf4b108bb9f6,5870118045,"33A, CAREW ROAD",,,SM6 8QQ,F,B,4,Y,E09000029,E14000621,2024-02-09,marketed sale,7PLD,WALLINGTON
4c7ffd6d3101d434845f88958c29cbdbd3079cbc097f9c7d182f1b0c8087167d,100020990896,"36, NUTHATCH GARDENS",,,SE28 0DJ,E,B,3,Y,E09000011,E14000696,2024-02-09,marketed sale,K38X,LONDON
258a29eac4ba194a931ff9d1ab1cc77e68ebe92d49a26ba872014d8f09e2a933,12036703,"18, FREEMAN CLOSE",,,UB5 5TH,F,B,4,Y,E09000009,E14000675,2024-02-04,Stock condition survey,13TK,NORTHOLT
df179d0dd87796522b16dcd2e5349a297c6e49f1769ee01d1300f22a6754d446,5300062323,"24, MILDMAY GROVE SOUTH",24 Mildmay Grove South,,N1 4RL,E,B,3,Y,E09000019,E14000763,2024-02-01,marketed sale,1Q9J,LONDON
723ed5ac4f8d7ce27a088b1e928a5a89a9a599e6c40e613bc206ce2f3bc85cf2,100021278481,"SOUTHACRE, MOUNT PARK ROAD",Mount Park Road,,HA1 3JU,G,C,4,Y,E09000015,E14000732,2024-01-31,rental,FY63,HARROW
f77f6cda2b6ae0b1ff6d0fb19a81aca6802dbe266525464f12b8288c6fdf1f72,100021478831,"6B, COWLEY MILL ROAD",,,UB8 2QB,E,A,4,Y,E09000017,E14001007,2024-01-29,marketed sale,74HM,UXBRIDGE
45284ef4de2da9d38ad18b4f853dcda709849cb6d2f050d5f0badfeb619a397f,100021534173,"45, STOURTON AVENUE",,,TW13 6LB,E,B,3,Y,E09000018,E14000701,2024-01-29,ECO assessment,VW8C,FELTHAM
7f281061808a090b3e9aeddb831046bf2cd23e85168cb68caee10001f4c41959,200047678,"29, GLENGALL ROAD",,,HA8 8SZ,G,B,5,Y,E09000003,E14000741,2024-01-28,marketed sale,JCHP,EDGWARE
d4fdc898be1303278a424af3c7d809f19ec85e0b7c9634b9e910124efabfd20e,100022191454,"26, GIBSON ROAD",,,RM8 1YE,E,B,3,Y,E09000026,E14000760,2024-01-26,rental,T6G9,DAGENHAM
763ea260c62f65e4c809585cec21c48191ba139f3951b2e6e4f65ec2b05c339c,100021932067,"60, BILLINGTON ROAD",,,SE14 5QQ,E,B,3,Y,E09000023,E14000789,2024-01-25,rental,3MUH,LONDON
bd5a6c2f3deb64ecff98a19126094ded84ff4166bd65e36ebca6085358b83dda,100020655373,"79, RAVENSDALE GARDENS",,,SE19 3QE,E,B,3,Y,E09000008,E14000655,2024-01-25,marketed sale,GQZE,LONDON
f06b0163c4b0aa83bfc3ed9d3e75621cd7a54adb18e2ba4086c419d310bfbff7,100021482812,"34, HAMBLEDON CLOSE",,,UB8 3UD,F,B,4,Y,E09000017,E14001007,2024-01-24,marketed sale,50Q4,UXBRIDGE
8993bd6a952b405c378d987bbade6b343674236af1bdf6b90c4e2ec4a927bca2,100020606450,"27, KIDDERMINSTER ROAD",,,CR0 2UF,E,C,2,Y,E09000008,E14000655,2024-01-23,rental,NS8H,CROYDON
375381d6c21e89202d0e5ef1beae3c14168ebe704881f347b1c9a09cbea0b835,5300103894,"1, COLONIAL COURT 9D, THANE VILLAS",Thane Villas,,N7 7PJ,E,B,3,Y,E09000019,E14000763,2024-01-22,rental,SW8H,LONDON
75804cc3a9604e718fb5f4fd3fc8f86b6f2773de45b5cd26fb988f721a5c2ce1,12050139,"11, HAWTHORNE MEWS",,,UB6 9BQ,E,B,3,Y,E09000009,E14000676,2024-01-20,Stock condition survey,E3QN,GREENFORD
b9dcfc9ef88be8a7a1895fb5c2e8330a98011ca26ed0c3cff8959905b7d5bddd,100021031691,"30, CHURCH CRESCENT",,,E9 7DH,G,C,4,Y,E09000012,E14000721,2024-01-18,rental,ND9I,LONDON
39856f48924e7a3bd621253f6d29c5e2c4318acbb161cedd80cb15eefe1f85af,5300075792,"FLAT 6, ISLEDEN HOUSE, PREBEND STREET",Isleden House,Prebend Street,N1 8PP,E,B,3,Y,E09000019,E14000764,2024-01-17,rental,M9N0,LONDON
f79e21ffc79ec12434af847d0557baee9ed1cff37979f040ef6c4aa8f5e07fcd,100022215340,"195, GREEN LANE",,,IG1 1XR,G,B,5,Y,E09000026,E14000760,2024-01-15,marketed sale,Z6MO,ILFORD
469ae2077b2ee2a863dc52fab00b52c2d7704c7d85aac59db7727395ff76bc56,100020701384,"17, SANDFIELD ROAD",,,CR7 8AW,F,C,3,Y,E09000008,E14000655,2024-01-14,marketed sale,N42H,THORNTON HEATH
948cdd1409944dba02cf94d6545667f0e9ad823ca720846636bf4c8ac4b0ebc6,100021156204,"79, BARRENGER ROAD",,,N10 1HU,E,B,3,Y,E09000014,E14000752,2024-01-12,rental,OEQR,LONDON
5793917fc72ad3c643a7e2c138216fc27805b59ebc4f7ecf1a05f3d1feabaa11,207155498,"55, GILBERT STREET",,,EN3 6PE,E,C,2,Y,E09000010,E14000691,2024-01-12,non marketed sale,2SWT,ENFIELD
58a0f9398144bc2f39e3d0ffc26dc31b0d2957874ef7595fe47432b74d0a9710,10012785822,"159A, CALEDONIAN ROAD",,,N1 0SL,E,B,3,Y,E09000019,E14000764,2024-01-08,rental,XM1W,LONDON
5c3f7a6af23483b69070edafab5e95eb21b99a435cf852836223b4c7b2ee12d3,12161912,Bungalow,Astra Court,Shirley Gardens,W7 3PU,E,A,4,Y,E09000009,E14000676,2024-01-05,rental,VCVV,
db482fc8eb51adb99d185e3367d25f925028b874fb2807a0886cbdbadda11ab8,100021974843,"9, KNIGHTON PARK ROAD",,,SE26 5RJ,G,C,4,Y,E09000023,E14000788,2024-01-04,marketed sale,D9B5,LONDON
f66c6b040385599aff5c14a5872ab472a588c04900450842d5322ab02cb3f253,100021890222,"225, SOUTH LAMBETH ROAD",,,SW8 1XR,E,D,1,Y,E09000022,E14001008,2023-12-20,rental,XV1P,LONDON
68f85264045bb153e552ba2358927585c89d1f0d563b71ec5a7760c05e45b39f,12074900,"84, COLERIDGE SQUARE",,,W13 0JX,E,B,3,Y,E09000009,E14000675,2023-12-18,marketed sale,RSWX,LONDON
bd33b16abd2b0ff85bd0fafb107aaad8c1d6a2e12067431a66416e13fa963334,12027701,"6, HARTINGTON ROAD",,,UB2 5AU,E,C,2,Y,E09000009,E14000676,2023-12-15,rental,JGDC,SOUTHALL
5a5cf0790f6682f2cb4cb2f6a02c736998324e44dcf3009ebc67f5a92d08d30e,100020236065,"9, SELKIRK DRIVE",,,DA8 3QR,E,D,1,Y,E09000004,E14000558,2023-12-15,marketed sale,YTBY,ERITH
bbb42180751f51843446a71feff644506d577fbdfbf2e7a8711c61883265ba4a,100020583935,"61, BEACONSFIELD ROAD",,,CR0 2LN,G,D,3,Y,E09000008,E14000655,2023-12-13,marketed sale,280C,CROYDON
c3401af288b4d5a96e149dfd7a582c9354041e326a27fb337287d55f89e5482b,100021378837,"177, HIGHFIELD ROAD",,,RM5 3AQ,F,B,4,Y,E09000016,E14000900,2023-12-12,marketed sale,1TP8,ROMFORD
f9647256a6e733b2f40cfbd86701687cc0a9c40a4b31e6064e487e71dd4914aa,100021980432,"4, LIND STREET",,,SE8 4JE,F,C,3,Y,E09000023,E14000789,2023-12-12,non marketed sale,153P,LONDON
860dade2de25e58c3ae25ce9f87413bb3af547c8720e7dc1d39a7a339cbb697c,100021882840,"5, RAMILLES CLOSE",,,SW2 5DG,E,C,2,Y,E09000022,E14000978,2023-12-11,rental,0WG8,LONDON
ebcf22130fe107a7646708c46bda44c4355e043f048788fd6352ce971c440cda,100021826192,"3, CLEAVER STREET",,,SE11 4DP,F,B,4,Y,E09000022,E14001008,2023-12-07,non marketed sale,XF4O,LONDON
d8a907d3bd8ff5f6a0db0f8273fdce15046dd4c8edd778af3e91f11c161a71ca,200000550110,"2, MIRROR PATH",,,SE9 4NY,E,C,2,Y,E09000023,E14000787,2023-12-06,marketed sale,H2L5,LONDON
fbc4d579483378df1f3143aa7c6ec8a45301623d29a9e243850629248f5a7729,100022643373,"25, FONTLEY WAY",,,SW15 4LY,E,B,3,Y,E09000032,E14000887,2023-12-06,rental,YQT8,LONDON
e8a92e44685f299f39126fdb02f0afbdd9e518830e013f7e8d9f662a1180380d,100021024548,"21, ASHENDEN ROAD",,,E5 0DP,G,B,5,Y,E09000012,E14000721,2023-12-06,marketed sale,DEAQ,LONDON
08167ea7e545b4583910ca3bcb2d790fe7ea46c56a9fd5316e13a18d399c6cdc,207037416,"63, COWLAND AVENUE",,,EN3 7DH,E,C,2,Y,E09000010,E14000687,2023-12-05,rental,O6KW,ENFIELD
fc4f6ff31bddcb84c0496be7df7b021fbfc194be19de1cfc388a6a828f22c91b,207200942,"59, COWLAND AVENUE",,,EN3 7DH,E,C,2,Y,E09000010,E14000687,2023-12-05,rental,FSKQ,ENFIELD
d4f6322b1d447309492560a168c6d12bec791bf2b3dcdfbfc85c2d29a046e9cb,100021534168,"40, STOURTON AVENUE",,,TW13 6LG,E,B,3,Y,E09000018,E14000701,2023-12-01,ECO assessment,LE3V,FELTHAM
3b2f86817f3f5a7fc4a98138a2aca236262229a5e450a75514f45d1fb2014d11,200013612,"9, BRENT PLACE",Barnet,,EN5 2DP,F,B,4,Y,E09000003,E14000636,2023-12-01,rental,RC56,BARNET
7419bb9bcf9878ac89ac9e2a0deb27a9c6dae44f62eb45855c8e77d60339e0d4,100021960602,"6, FLUDYER STREET",,,SE13 5RZ,F,B,4,Y,E09000023,E14000787,2023-11-30,marketed sale,YN10,LONDON
f1c49d297055ee0f958a71a0c6cc1258840f913ca91ce8a70c68d0ccb10396f8,200126305,"7, WHITINGS ROAD",Barnet,,EN5 2QX,F,B,4,Y,E09000003,E14000636,2023-11-30,rental,VW21,BARNET
ad721becf7cf55d7d82432205af872ac46827736c7aa84794a5fcd9465867c24,48028965,"3, GILPIN CLOSE",,,CR4 3QR,E,B,3,Y,E09000024,E14000823,2023-11-28,rental,TKWK,MITCHAM
970d44eebb2a915951a464b0dc5b74432e6b8ce133a08abc3f2f514561be32a8,5002648,"30, WINSCOMBE STREET",,,N19 5DG,E,C,2,Y,E09000007,E14000750,2023-11-28,marketed sale,4XKF,LONDON
4019ece04c123c3e852d9c17c2bf663e4c6c11f8d4613914e46360b7b74a4a37,100021420037,"101, CLEAVE AVENUE",,,UB3 4HB,F,B,4,Y,E09000017,E14000737,2023-11-26,marketed sale,I6ZN,HAYES
36efee3770f52529b13748f46c0a31d01023315447137019e8676347b553a6ba,100021560292,"16, ST. DUNSTANS ROAD",,,TW4 7QN,E,C,2,Y,E09000018,E14000701,2023-11-26,marketed sale,44HM,HOUNSLOW
d608efb2ca6402928e1aafffd5550cc3c3b0267966388a9e7d5fc3738e85eed8,207141954,"10, CEDAR AVENUE",,,EN3 7JB,E,B,3,Y,E09000010,E14000691,2023-11-20,rental,7KXN,ENFIELD
b43d7476fb4e5eae0499955a2664c125077e1cff9daef0eeea48d3fbc51e68e0,207200947,"84, COWLAND AVENUE",,,EN3 7DH,E,B,3,Y,E09000010,E14000687,2023-11-18,rental,KETA,ENFIELD
c10d680246cbd689c2a115d5fa71c222df8fb3c032ac8cf39bab23b165a72271,200059339,"43, HENDON WAY",,,NW2 2LX,E,C,2,Y,E09000003,E14000703,2023-11-17,rental,ZOVJ,LONDON
4cb4d89516e5826702ec7f98efff99c3412c95f0bc7da460be1be90943c062a5,5053043,"49, COTLEIGH ROAD",,,NW6 2NN,E,C,2,Y,E09000007,E14000727,2023-11-17,rental,HEIT,LONDON
1064fa85b931b58d7cbd79a2e010c98e9deedbc505db85a8c02fe75571e958a5,48004660,"61, BAYHAM ROAD",,,SM4 5JH,E,B,3,Y,E09000024,E14000823,2023-11-16,marketed sale,9IRE,MORDEN
83ac86da350b3bef718ccfb176f2c2ee3cbb75ce736147639c1a86926f81863b,207030232,"57, CAVENDISH ROAD",,,N18 2LT,E,B,3,Y,E09000010,E14000687,2023-11-15,marketed sale,7T1J,LONDON
9fc9fa03b00d8b016dd799097c0e75a94a218266785b9977702bb5d5dbd93a73,100020456047,"43, CURTISMILL WAY",Curtismill Way,,BR5 2JY,E,B,3,Y,E09000006,E14000604,2023-11-13,not sale or rental,RFGP,ORPINGTON
5156f34358d28b9822837d42ce9ef4bf19bf21c1458b7d1f6ecbbd0f785613be,202062861,"21, NUTFIELD ROAD",,,NW2 7EA,F,C,3,Y,E09000005,E14000591,2023-11-13,ECO assessment,I7R8,LONDON
861ae68e994ba82d8db8548fbbf696a97baf575c3eaeaf6679ddc06a845b3776,100020467640,"57, MIDFIELD WAY",Midfield Way,,BR5 2QN,F,B,4,Y,E09000006,E14000604,2023-11-13,not sale or rental,247S,ORPINGTON
6ce8f659765717e41b8c68fd0915f62edc586af58ddcff8b9a323c467df8b0df,46040257,"130, JEDBURGH ROAD",,,E13 9LE,G,C,4,Y,E09000025,E14001032,2023-11-03,non marketed sale,Q1WV,LONDON
b50906fda1d37055df5566592090cf0f66bbe4b83cec256ba32ea895d98a8106,100020614516,"39, NORTHCOTE ROAD",,,CR0 2HY,F,C,3,Y,E09000008,E14000655,2023-11-01,marketed sale,GZPX,CROYDON
c49d02c0554183d5ad5e122059e342e2a683f11264782c324f55602834fb83a3,100020382411,"4, OVERBRAE",Overbrae,,BR3 1SX,E,B,3,Y,E09000006,E14000551,2023-10-30,ECO assessment,H1X5,BECKENHAM
f1192b84e1026a88322d3cec8021e6a7a5f3f85f94bbfa8381d0e38ebd2e8c20,207173872,"22, HARSTON DRIVE",,,EN3 6GH,E,C,2,Y,E09000010,E14000691,2023-10-30,rental,WGIQ,ENFIELD
c72128788250811a4d8cc24ba7041a7e83904db3b3a3acad2a20bc9ab3fbffc3,100020619358,"17, PRINCESS ROAD",,,CR0 2QY,G,C,4,Y,E09000008,E14000655,2023-10-27,marketed sale,XIFX,CROYDON
7a7f19b954bcb6bb47abd89d082c20ef3b8dd4d1ebb3aa5a70d98758bb015444,10013585111,"16, THE RODINGS, SNAKES LANE",Snakes Lane,,IG8 7EU,E,C,2,Y,E09000026,E14000759,2023-10-27,marketed sale,CRJ6,WOODFORD GREEN
4c555fbe185eb600fb1400a304fd712b0a95641a4efe19b211a271fffdb8b46a,207098274,"3, WESTOE ROAD",,,N9 0SH,G,B,5,Y,E09000010,E14000687,2023-10-26,rental,UQL3,LONDON
8d0da5853cab9617c4432cb07f48724edb3c05fce365acd4f6a58dc0caf4a5e6,100021890211,"213, SOUTH LAMBETH ROAD",,,SW8 1XR,E,C,2,Y,E09000022,E14001008,2023-10-26,rental,L9H6,LONDON
a639df0edd03082d4cda3ae1c5cc915baa9f3e4b58887bea5eccbfb6660b4fbe,100020654612,"206, PORTLAND ROAD",,,SE25 4QB,F,C,3,Y,E09000008,E14000654,2023-10-25,marketed sale,2TOH,LONDON
f6afe40db07405e456193b601e093bdd23f8e14313f92146159938d07ae4e197,46043649,"27, LANGDON ROAD",,,E6 2QB,G,B,5,Y,E09000025,E14000679,2023-10-25,marketed sale,7LGW,LONDON
9c87bcebc77cbcbd76a811268be90a6dc704adf7a1bd39c21abb7e81d0e00c52,100022774413,"16, LONDON MEWS",,,W2 1HY,E,B,3,Y,E09000033,E14000639,2023-10-25,marketed sale,D7GM,LONDON
f6215d5e143ef05200a91ebb879a6cd4803bb8e72b351d1f5bfa449379f9f78c,207122615,"59, KINGSWAY",,,EN3 4HT,G,C,4,Y,E09000010,E14000687,2023-10-23,marketed sale,L76A,ENFIELD
5baec0cc714f13180bd9a9e571fd109c20f2704abfde2f37b308641498cba23f,207166005,"11, PICKETTS LOCK LANE",,,N9 0AS,E,C,2,Y,E09000010,E14000687,2023-10-23,rental,DKGG,LONDON
25ee182ad17e15c7e352b62b30e2891ca7befcc061418e4193bec6265251b527,100021193515,"3, INGLETON ROAD",,,N18 2RX,E,C,2,Y,E09000014,E14001002,2023-10-23,rental,SF6H,LONDON
6b34ecf281ff50292a0631688c76e805359bce9be54d9c0d115385196535acba,100022774413,"16, LONDON MEWS",,,W2 1HY,G,B,5,Y,E09000033,E14000639,2023-10-22,rental,IQ30,LONDON
bd335d5116c55cccfead644a6311e43dbf44eb0c4d82352b562e363047db2cb3,207031775,"36, GOLDSDOWN ROAD",,,EN3 7QZ,F,B,4,Y,E09000010,E14000691,2023-10-20,rental,B7IH,ENFIELD
b4037055b5014330700bb1f09c697ce3a56261f2bfa5cf92e7044243d7ba132f,207151194,"80, MAHON CLOSE",,,EN1 4DQ,E,B,3,Y,E09000010,E14000691,2023-10-20,rental,JXEY,ENFIELD
96dfaf7a152186913d5058e5a0907eaddd0d93e426ef49a1147174ced9f6143f,100021981299,"69, LONGBRIDGE WAY",,,SE13 6PW,E,B,3,Y,E09000023,E14000789,2023-10-20,marketed sale,CACT,LONDON
